route_start,route_end,passenger_flow,costs,fare,transport_date,departure_time,arrival_time
Витебск,Санкт-Петербург,95,534.67,73.24,2024-04-27,07:46:34,19:30:41
Гродно,Новосибирск,204,707.39,88.13,2023-11-01,04:04:30,15:52:31
Москва,Минск,66,272.4,49.38,2024-03-25,06:23:26,17:56:54
Могилев,Новосибирск,121,528.99,82.04,2024-05-15,06:29:06,12:23:01
Екатеринбург,Брест,103,629.61,85.95,2023-11-15,09:23:50,18:14:01
Новосибирск,Минск,95,442.0,61.36,2023-06-20,04:36:07,20:14:02
Витебск,Новосибирск,183,534.41,72.64,2023-09-13,11:16:31,14:58:30
Гомель,Санкт-Петербург,121,395.35,50.52,2023-12-20,10:37:29,23:05:00
Минск,Новосибирск,235,479.7,66.48,2023-12-10,04:10:11,21:03:26
Новосибирск,Витебск,99,501.23,75.38,2023-11-09,09:50:02,18:09:34
Москва,Брест,107,262.28,53.44,2024-05-26,03:47:41,20:01:57
Витебск,Минск,219,438.44,67.01,2024-04-04,10:55:30,22:46:50
Новосибирск,Гомель,50,330.41,52.52,2024-04-22,00:27:24,18:32:20
Витебск,Новосибирск,208,624.58,89.33,2023-09-30,11:03:00,13:59:27
Витебск,Гродно,288,916.48,104.44,2023-12-07,04:47:19,20:23:24
Москва,Могилев,101,501.51,80.04,2023-10-22,03:29:10,13:46:31
Минск,Гомель,48,487.22,59.3,2024-01-17,00:42:06,22:37:47
Екатеринбург,Гродно,125,585.15,87.07,2024-05-16,06:06:58,17:52:11
Санкт-Петербург,Новосибирск,83,559.92,70.7,2024-05-22,02:42:49,12:48:07
Брест,Екатеринбург,170,572.2,83.92,2023-08-28,10:07:20,18:13:03
Витебск,Екатеринбург,219,513.41,77.26,2023-12-18,04:31:05,23:46:46
Санкт-Петербург,Могилев,91,472.92,60.92,2023-07-29,08:36:53,15:16:46
Гомель,Новосибирск,165,364.85,62.36,2023-09-22,07:47:01,18:34:16
Брест,Санкт-Петербург,143,347.05,48.52,2023-07-29,06:29:06,15:26:31
Минск,Гродно,100,297.19,58.29,2024-03-24,03:46:48,15:25:57
Новосибирск,Минск,67,387.24,58.48,2023-07-11,00:07:26,17:00:49
Витебск,Москва,150,699.48,88.88,2024-01-31,08:57:55,20:48:49
Гродно,Санкт-Петербург,258,871.74,109.56,2024-04-10,00:35:23,18:23:05
Москва,Минск,32,205.38,41.1,2023-09-10,02:13:15,17:00:48
Минск,Санкт-Петербург,151,361.76,61.54,2024-05-23,05:18:49,13:54:43
Гомель,Минск,109,342.72,60.52,2023-12-28,01:16:23,14:14:16
Гродно,Брест,82,499.78,71.73,2024-03-04,06:34:31,15:21:58
Новосибирск,Могилев,63,395.18,65.34,2024-04-14,01:44:57,14:54:14
Витебск,Гомель,204,562.6,75.86,2024-01-24,04:41:17,18:45:11
Екатеринбург,Гродно,55,527.75,69.81,2024-05-20,03:01:38,18:31:34
Могилев,Санкт-Петербург,101,551.94,68.53,2023-08-01,10:15:43,22:30:31
Екатеринбург,Могилев,129,473.32,74.61,2023-10-03,01:31:50,14:32:09
Санкт-Петербург,Москва,109,426.2,55.02,2023-07-13,03:08:31,20:51:30
Гомель,Гродно,213,756.8,88.28,2024-03-14,00:31:15,21:22:53
Новосибирск,Санкт-Петербург,188,683.5,83.28,2023-07-03,00:03:16,23:58:04
Минск,Гродно,97,630.11,77.2,2024-05-19,10:02:59,22:24:56
Витебск,Гродно,88,360.1,62.79,2024-04-30,00:01:56,19:17:13
Минск,Могилев,209,677.29,94.73,2024-02-25,08:50:41,20:01:24
Москва,Гомель,105,331.87,57.26,2023-10-11,07:40:16,12:22:35
Санкт-Петербург,Екатеринбург,102,443.87,68.63,2023-12-05,05:18:31,22:32:48
Витебск,Гродно,264,870.06,113.39,2024-01-08,10:33:48,14:05:11
Гродно,Екатеринбург,95,426.61,60.37,2023-07-14,01:02:47,19:47:13
Гродно,Витебск,61,194.22,39.69,2023-10-20,04:30:21,13:11:56
Новосибирск,Гродно,55,521.24,76.26,2023-11-20,02:03:17,23:52:01
Москва,Новосибирск,121,679.9,94.03,2023-10-05,06:30:28,21:31:48
Могилев,Минск,86,578.34,80.36,2024-01-28,05:33:15,15:52:47
Гомель,Могилев,153,606.98,85.97,2024-02-08,06:03:50,17:46:04
Гродно,Екатеринбург,218,783.73,101.18,2024-05-24,00:39:47,23:00:56
Гомель,Брест,108,392.0,60.94,2023-08-23,03:46:26,16:53:44
Витебск,Могилев,165,403.8,54.7,2024-01-05,08:30:50,22:39:31
Екатеринбург,Брест,93,498.16,75.36,2023-12-07,02:18:42,18:49:16
Екатеринбург,Москва,160,671.43,95.54,2023-11-23,00:13:58,18:21:26
Гродно,Могилев,227,562.38,83.17,2024-05-06,03:03:40,15:43:23
Санкт-Петербург,Москва,64,331.51,59.12,2023-12-24,08:18:23,22:59:16
Могилев,Санкт-Петербург,114,293.08,50.81,2023-09-14,03:13:17,16:31:17
Минск,Витебск,95,516.61,76.1,2023-06-29,06:04:24,18:45:16
Минск,Санкт-Петербург,117,613.81,85.73,2024-04-12,02:30:42,19:56:30
Могилев,Брест,118,658.03,81.27,2024-05-26,01:26:36,16:50:36
Витебск,Минск,202,658.7,76.58,2024-01-04,04:13:03,17:13:05
Москва,Могилев,45,284.24,43.71,2024-05-25,05:25:45,17:30:16
Москва,Брест,92,353.37,51.76,2023-06-10,09:52:33,22:59:49
Минск,Могилев,153,650.64,93.48,2023-07-11,08:46:53,20:24:07
Витебск,Минск,256,782.44,89.89,2024-03-10,04:32:22,17:01:06
Могилев,Гомель,125,546.88,83.26,2024-04-26,04:28:59,13:42:36
Витебск,Брест,117,427.45,59.66,2023-11-06,10:29:34,16:38:58
Брест,Москва,159,385.9,58.53,2024-03-06,04:14:47,12:39:32
Могилев,Екатеринбург,48,175.47,29.7,2024-04-20,11:36:06,19:07:11
Екатеринбург,Москва,106,657.52,88.18,2024-04-04,03:49:25,13:43:07
Витебск,Санкт-Петербург,235,762.49,98.46,2024-02-19,09:09:44,13:15:02
Москва,Санкт-Петербург,172,624.08,90.94,2024-02-02,05:15:47,17:23:21
Гомель,Могилев,150,483.03,59.93,2023-06-05,08:46:45,23:55:04
Гродно,Минск,193,409.01,52.24,2024-01-28,11:07:52,20:50:54
Витебск,Санкт-Петербург,214,498.48,76.86,2023-12-13,07:20:21,20:19:56
Гомель,Новосибирск,109,652.08,93.26,2024-04-21,01:24:27,14:18:56
Новосибирск,Витебск,75,360.82,49.01,2024-05-06,11:36:53,12:30:13
Гомель,Санкт-Петербург,172,618.14,84.03,2023-10-12,00:39:32,14:48:17
Брест,Витебск,194,731.35,91.16,2023-09-07,03:09:12,18:14:09
Новосибирск,Санкт-Петербург,152,377.13,49.44,2024-03-14,09:17:10,17:49:18
Екатеринбург,Витебск,109,277.09,39.14,2023-10-09,02:53:42,23:23:27
Гродно,Могилев,159,597.7,85.29,2024-03-04,02:22:58,15:15:54
Минск,Гомель,36,246.51,51.0,2024-05-08,06:38:31,23:13:17
Минск,Москва,90,435.21,61.78,2023-06-29,02:46:19,15:10:59
Брест,Новосибирск,168,745.52,94.71,2023-08-18,02:20:01,13:06:23
Могилев,Екатеринбург,68,288.3,43.86,2024-05-26,02:33:39,20:41:47
Санкт-Петербург,Брест,45,347.23,55.25,2024-01-11,06:10:25,19:54:15
Минск,Витебск,59,378.52,54.01,2023-08-30,03:01:54,17:09:39
Брест,Гродно,195,783.59,101.6,2023-09-05,06:37:07,22:11:16
Гродно,Могилев,167,732.39,99.98,2024-04-11,03:15:33,17:39:41
Москва,Брест,104,515.05,80.25,2023-07-30,08:19:58,23:04:53
Витебск,Санкт-Петербург,146,553.53,77.58,2024-04-11,04:50:09,16:50:24
Брест,Могилев,131,600.01,86.55,2024-01-01,00:44:28,20:49:36
Новосибирск,Витебск,74,339.8,49.27,2023-11-25,01:28:24,21:03:55
Гомель,Брест,72,266.58,51.8,2023-07-10,03:20:22,18:49:45
Минск,Могилев,207,592.25,71.35,2023-07-06,04:18:40,14:25:34
Гомель,Могилев,119,543.93,79.26,2023-10-07,01:12:13,14:36:42
Брест,Гродно,189,579.1,73.35,2024-05-09,09:07:00,17:22:33
Москва,Минск,84,512.29,72.13,2023-12-19,06:26:00,12:55:39
Гродно,Санкт-Петербург,225,476.79,63.56,2024-06-01,04:09:28,14:16:11
Могилев,Гомель,96,628.62,88.54,2023-12-12,11:46:44,22:43:01
Екатеринбург,Гомель,126,631.63,83.86,2023-07-17,02:40:28,12:07:13
Москва,Екатеринбург,86,386.94,62.92,2023-09-30,05:10:58,13:39:26
Гомель,Санкт-Петербург,200,451.74,71.48,2024-01-05,08:03:18,23:26:21
Санкт-Петербург,Брест,56,535.08,83.42,2023-09-26,06:26:28,19:30:19
Витебск,Гомель,100,335.03,47.47,2024-03-05,06:24:36,14:02:58
Могилев,Брест,56,367.95,62.89,2023-07-23,06:55:01,19:00:28
Гомель,Брест,70,233.11,51.79,2024-01-03,08:49:38,21:54:04
Москва,Гомель,44,178.05,45.01,2023-10-12,03:34:33,12:34:53
Санкт-Петербург,Новосибирск,83,397.41,67.48,2024-04-16,01:17:08,22:44:48
Гродно,Витебск,68,216.84,37.58,2024-05-28,11:51:20,22:05:07
Москва,Екатеринбург,102,417.6,62.24,2023-12-31,03:07:12,20:56:29
Гомель,Гродно,89,438.12,54.6,2023-08-22,08:05:31,15:27:31
Гомель,Брест,78,308.16,42.92,2024-04-10,00:23:08,22:38:21
Минск,Москва,179,483.24,69.63,2024-01-25,06:34:12,21:04:42
Москва,Екатеринбург,96,613.18,85.64,2024-01-03,11:27:25,12:28:53
Гродно,Екатеринбург,252,562.41,76.61,2024-01-19,04:33:26,13:46:46
Санкт-Петербург,Гродно,57,298.87,58.69,2023-09-24,00:02:28,18:56:13
Москва,Гомель,85,365.67,53.06,2023-11-24,01:22:21,19:53:09
Екатеринбург,Брест,76,552.15,75.41,2023-07-10,05:53:19,20:24:57
Минск,Могилев,137,531.06,69.21,2024-01-22,02:07:39,13:03:40
Витебск,Москва,108,640.51,90.38,2024-04-09,11:33:27,17:14:27
Новосибирск,Екатеринбург,108,496.59,77.57,2023-11-01,06:06:02,23:53:14
Екатеринбург,Санкт-Петербург,253,706.91,97.47,2023-10-06,09:23:12,13:28:53
Минск,Новосибирск,175,747.76,99.5,2024-01-14,01:16:12,12:43:07
Новосибирск,Гродно,105,382.87,66.47,2023-09-07,10:26:18,23:15:15
Могилев,Минск,74,598.03,78.99,2023-09-25,02:33:46,23:16:39
Москва,Новосибирск,204,601.1,86.08,2023-08-15,05:16:38,12:59:09
Витебск,Новосибирск,77,465.67,75.5,2023-08-17,02:50:16,22:39:08
Минск,Гомель,63,362.14,46.87,2024-04-19,00:27:51,15:59:57
Новосибирск,Гомель,74,528.41,76.12,2023-08-16,09:58:30,20:37:06
Витебск,Екатеринбург,129,589.87,70.81,2023-06-17,11:46:28,18:20:00
Брест,Санкт-Петербург,98,467.93,76.71,2024-01-28,04:07:30,20:31:34
Москва,Брест,116,673.24,81.06,2024-02-15,00:37:35,17:04:37
Новосибирск,Могилев,85,354.03,51.21,2023-09-13,06:42:29,22:23:51
Екатеринбург,Брест,58,477.45,65.8,2023-12-07,04:01:43,18:12:32
Минск,Москва,85,282.39,42.55,2023-07-01,07:01:08,12:07:10
Гомель,Гродно,194,563.16,83.36,2023-07-09,09:05:09,20:25:30
Гомель,Гродно,159,651.41,80.84,2024-02-23,09:07:14,18:38:35
Минск,Москва,84,334.4,46.26,2024-03-25,08:06:56,12:44:42
Витебск,Екатеринбург,215,751.22,90.72,2023-07-25,08:43:25,12:24:57
Москва,Санкт-Петербург,172,380.83,61.1,2024-05-10,00:48:44,22:33:05
Екатеринбург,Санкт-Петербург,277,771.06,105.08,2023-08-02,09:12:00,22:42:43
Витебск,Санкт-Петербург,151,462.27,71.61,2024-05-28,05:24:32,23:19:13
Новосибирск,Гомель,58,495.83,68.36,2023-06-20,11:21:03,23:38:27
Москва,Минск,58,269.13,55.25,2024-04-27,06:47:37,15:19:49
Москва,Екатеринбург,62,416.37,70.21,2023-07-06,07:16:35,12:10:47
Могилев,Брест,66,511.64,78.37,2024-05-18,06:51:19,12:00:48
Москва,Гомель,99,509.55,69.79,2024-03-02,10:30:35,22:11:46
Гомель,Могилев,130,605.37,79.7,2024-05-28,06:49:11,12:47:02
Санкт-Петербург,Гродно,55,186.92,47.86,2024-04-22,10:00:14,20:24:41
Новосибирск,Гомель,104,499.08,61.56,2023-12-31,01:34:10,22:18:32
Витебск,Брест,95,628.05,80.77,2024-02-25,01:54:08,19:52:31
Минск,Новосибирск,85,268.53,56.69,2023-11-03,07:02:51,19:12:22
Могилев,Москва,260,703.93,88.42,2024-04-25,00:03:38,23:42:01
Гродно,Гомель,62,540.59,64.09,2024-03-04,11:55:39,12:00:32
Екатеринбург,Минск,166,488.53,68.74,2023-12-25,00:09:10,21:43:58
Москва,Новосибирск,172,635.55,76.48,2023-09-20,10:42:53,15:49:51
Санкт-Петербург,Гродно,92,345.37,50.77,2023-12-24,03:25:57,21:01:55
Новосибирск,Могилев,81,248.37,42.74,2024-04-15,08:41:56,16:05:15
Гомель,Екатеринбург,278,740.39,96.59,2023-09-04,03:00:21,14:01:16
Гродно,Брест,51,226.48,34.12,2024-04-29,03:43:49,21:43:51
Санкт-Петербург,Екатеринбург,91,484.83,70.18,2023-08-27,02:05:18,14:14:52
Москва,Минск,81,586.85,83.87,2024-05-17,06:50:18,12:39:02
Витебск,Новосибирск,95,560.28,83.59,2024-02-23,05:49:36,22:22:55
Москва,Брест,117,395.89,67.53,2024-01-20,00:02:02,16:36:30
Могилев,Гомель,64,589.34,71.98,2024-04-20,10:40:26,23:05:37
Санкт-Петербург,Гродно,50,540.35,74.97,2023-11-14,04:51:28,20:24:44
Москва,Брест,88,535.87,79.44,2024-01-16,02:24:13,22:49:10
Витебск,Москва,220,612.58,87.67,2023-09-19,02:37:03,12:03:24
Санкт-Петербург,Гомель,113,340.82,52.05,2023-11-26,09:34:41,17:38:22
Брест,Могилев,143,395.51,56.86,2023-12-13,11:07:55,21:16:21
Могилев,Новосибирск,179,458.73,73.96,2024-02-16,11:10:57,21:23:39
Могилев,Гомель,129,446.68,64.32,2024-02-09,04:15:24,15:51:16
Москва,Могилев,128,489.9,59.69,2024-03-02,10:37:53,17:51:59
Витебск,Гродно,139,525.8,79.56,2024-05-26,07:26:00,16:34:06
Новосибирск,Гомель,52,470.2,71.2,2024-04-08,09:45:40,12:06:09
Гродно,Новосибирск,175,600.78,74.44,2023-10-21,07:47:31,22:10:48
Гродно,Екатеринбург,118,565.04,77.48,2023-07-06,09:03:30,18:13:30
Минск,Брест,68,590.27,81.33,2023-10-08,09:25:07,12:48:12
Могилев,Витебск,64,411.73,54.71,2024-01-28,01:20:26,15:21:22
Санкт-Петербург,Новосибирск,86,517.49,76.03,2023-07-19,10:11:53,19:31:17
Екатеринбург,Гомель,85,342.94,52.34,2023-12-10,09:24:46,15:43:18
Екатеринбург,Гомель,74,369.9,48.41,2024-01-18,00:02:52,20:17:02
Санкт-Петербург,Москва,59,585.92,77.29,2024-02-04,04:49:17,12:44:21
Екатеринбург,Санкт-Петербург,202,790.31,102.81,2023-10-13,11:58:32,18:25:27
Екатеринбург,Новосибирск,154,466.12,57.95,2024-04-28,05:16:23,15:00:35
Новосибирск,Гродно,101,580.94,82.65,2023-08-17,02:56:12,16:29:09
Витебск,Москва,160,736.57,86.88,2023-09-07,07:03:39,14:56:38
Новосибирск,Санкт-Петербург,92,622.4,80.66,2023-06-11,02:32:04,15:05:48
Гродно,Москва,217,585.77,71.38,2024-03-15,03:57:38,21:53:23
Новосибирск,Екатеринбург,97,442.75,69.41,2023-09-18,08:16:22,15:12:43
Могилев,Брест,70,290.42,57.39,2023-07-20,04:35:33,18:16:22
Могилев,Гомель,136,373.76,56.99,2024-03-04,09:22:08,19:54:43
Минск,Екатеринбург,90,554.92,72.06,2023-08-29,05:50:18,15:56:13
Минск,Москва,258,723.07,94.19,2023-10-27,05:48:25,22:24:18
Санкт-Петербург,Брест,100,516.35,69.62,2024-04-08,07:44:38,12:01:22
Гродно,Гомель,124,487.71,72.22,2023-08-10,01:30:16,16:44:50
Витебск,Гродно,202,451.64,58.23,2023-10-12,10:09:21,20:53:33
Екатеринбург,Минск,167,445.27,69.69,2023-11-17,11:27:45,14:54:10
Могилев,Брест,74,388.33,60.49,2024-04-16,03:43:19,15:47:11
Брест,Гомель,119,285.03,50.62,2023-06-29,09:46:52,20:40:56
Минск,Витебск,123,524.83,79.86,2023-07-14,06:54:26,18:16:58
Гомель,Москва,120,435.03,71.51,2024-04-04,02:18:43,21:45:37
Санкт-Петербург,Минск,117,557.18,83.61,2023-07-31,07:37:55,18:32:38
Гродно,Санкт-Петербург,237,518.57,66.76,2024-05-02,09:12:56,22:13:22
Брест,Витебск,225,564.66,84.05,2024-03-01,04:13:21,20:35:19
Новосибирск,Москва,81,301.21,48.92,2023-08-28,02:34:16,12:43:09
Екатеринбург,Гродно,93,294.08,44.71,2023-06-22,02:32:30,18:25:32
Санкт-Петербург,Брест,79,363.54,50.92,2024-04-17,04:04:27,22:12:54
Витебск,Гомель,191,553.4,76.6,2024-01-13,11:12:55,14:59:06
Санкт-Петербург,Новосибирск,69,459.1,62.83,2024-02-06,01:23:09,20:58:57
Гродно,Санкт-Петербург,221,462.67,67.16,2024-05-23,05:25:49,15:19:49
Новосибирск,Витебск,52,322.11,50.85,2024-06-02,11:57:29,18:46:10
Гродно,Гомель,76,225.12,37.07,2023-12-29,07:18:15,19:23:14
Гомель,Москва,179,453.58,68.06,2024-01-24,00:46:28,18:26:32
Санкт-Петербург,Минск,125,560.69,74.36,2024-02-24,06:17:43,17:02:16
Гомель,Москва,231,779.79,88.35,2023-07-03,09:46:33,16:22:22
Новосибирск,Брест,99,336.32,51.6,2023-06-15,00:06:28,23:15:11
Гомель,Санкт-Петербург,121,623.78,74.35,2023-07-23,10:05:46,16:30:19
Москва,Гродно,49,490.55,75.74,2024-02-06,04:42:41,12:27:30
Могилев,Минск,101,482.2,75.56,2023-08-17,00:13:33,17:29:22
Могилев,Гродно,60,267.28,38.76,2024-01-26,09:59:03,17:28:10
Екатеринбург,Москва,114,608.83,71.35,2024-04-22,09:41:37,22:19:50
Могилев,Санкт-Петербург,203,799.36,108.09,2024-01-14,08:27:56,12:59:45
Могилев,Гродно,87,335.95,60.6,2023-07-21,00:21:36,12:31:26
Санкт-Петербург,Витебск,60,479.2,61.29,2023-11-03,00:33:58,13:33:51
Москва,Новосибирск,191,414.38,52.0,2023-07-10,00:23:18,12:25:38
Гродно,Екатеринбург,98,566.73,83.99,2023-10-26,10:00:39,20:25:18
Новосибирск,Гродно,101,625.55,80.12,2024-04-23,06:47:49,21:21:47
Москва,Новосибирск,83,277.27,44.37,2023-07-20,04:13:29,17:48:11
Санкт-Петербург,Витебск,37,399.3,59.43,2023-06-19,11:45:00,22:48:03
Брест,Минск,91,426.02,55.29,2024-01-26,05:36:18,17:00:47
Москва,Екатеринбург,90,518.77,79.06,2023-06-13,11:26:48,21:52:53
Новосибирск,Гродно,102,554.81,72.48,2023-08-19,10:28:47,22:11:40
Брест,Санкт-Петербург,155,643.86,84.03,2023-08-15,02:37:45,22:44:29
Витебск,Минск,150,529.51,70.67,2024-03-09,02:14:20,12:53:04
Минск,Гродно,43,230.13,41.56,2023-07-23,07:08:01,18:21:25
Екатеринбург,Гродно,90,460.05,64.87,2023-12-08,04:41:06,14:49:20
Новосибирск,Могилев,56,435.8,56.35,2023-08-25,06:41:17,18:07:18
Москва,Гродно,83,241.06,37.33,2024-03-13,11:09:19,20:29:27
Витебск,Новосибирск,245,674.19,91.76,2024-04-10,10:11:53,23:11:15
Брест,Москва,158,596.64,72.25,2023-06-28,00:33:16,15:04:26
Екатеринбург,Могилев,112,321.77,53.22,2024-06-02,04:15:46,18:34:13
Витебск,Гомель,175,577.08,70.76,2024-02-23,06:42:03,19:28:10
Брест,Москва,178,640.16,82.36,2023-06-13,09:58:41,13:09:32
Москва,Минск,141,335.69,45.82,2024-01-02,11:54:51,15:13:46
Новосибирск,Гомель,85,552.08,84.76,2023-11-17,05:10:16,19:17:52
Москва,Санкт-Петербург,95,252.84,38.18,2024-02-01,08:07:33,18:34:04
Гродно,Новосибирск,140,631.54,80.87,2023-07-14,03:04:43,22:36:24
Гродно,Екатеринбург,186,623.04,88.41,2024-04-24,06:16:15,14:55:44
Гомель,Могилев,248,758.73,90.85,2023-09-13,05:24:52,18:01:31
Гродно,Екатеринбург,123,348.83,45.79,2023-07-02,05:46:52,12:23:12
Могилев,Екатеринбург,111,646.97,76.29,2023-08-29,08:35:06,21:07:03
Новосибирск,Москва,102,286.54,46.87,2023-07-02,05:37:26,14:38:58
Витебск,Гродно,211,616.55,77.32,2024-02-11,00:17:29,14:07:28
Витебск,Новосибирск,237,795.76,102.35,2023-09-29,05:56:45,22:29:50
Екатеринбург,Брест,106,646.81,80.88,2023-10-19,03:17:42,16:52:23
Гродно,Гомель,50,231.24,50.69,2023-11-21,00:50:16,22:54:38
Санкт-Петербург,Гомель,36,248.75,36.52,2023-08-14,03:21:57,12:00:22
Минск,Брест,73,435.25,69.7,2023-06-28,10:26:29,21:02:22
Могилев,Гомель,137,600.94,71.08,2023-12-17,09:50:13,14:13:56
Москва,Гомель,112,491.93,66.03,2023-12-03,02:46:55,21:48:44
Екатеринбург,Могилев,103,529.58,75.9,2023-06-20,08:34:46,19:36:01
Могилев,Новосибирск,99,269.23,40.28,2024-01-22,02:14:55,20:24:25
Гомель,Москва,189,712.42,97.27,2023-07-14,10:11:18,22:14:33
Брест,Гродно,221,637.95,92.79,2024-03-02,05:16:23,23:44:30
Санкт-Петербург,Екатеринбург,102,498.98,79.46,2023-11-03,09:59:46,15:06:44
Гомель,Санкт-Петербург,279,658.64,84.71,2023-08-21,09:02:12,13:28:56
Новосибирск,Минск,116,423.76,61.38,2023-09-14,02:00:26,23:17:49
Гомель,Екатеринбург,157,535.15,68.01,2023-10-22,03:22:53,22:27:07
Минск,Москва,225,837.16,110.34,2024-05-21,11:20:48,22:13:04
Екатеринбург,Новосибирск,234,561.72,76.94,2024-03-15,10:59:37,15:44:20
Могилев,Витебск,51,233.12,44.89,2023-12-04,01:44:31,13:13:45
Гродно,Брест,96,283.7,40.91,2024-04-25,09:33:50,22:00:44
Минск,Санкт-Петербург,193,684.52,83.6,2024-05-20,07:55:35,13:21:18
Витебск,Брест,115,481.58,74.42,2024-05-26,11:50:59,16:04:11
Гродно,Могилев,180,495.9,69.99,2024-01-12,05:06:11,14:26:19
Минск,Гомель,42,395.42,66.9,2023-08-09,08:03:09,16:58:20
Гродно,Гомель,82,252.3,54.86,2024-03-01,00:25:04,18:43:46
Новосибирск,Витебск,81,333.33,45.3,2024-02-21,07:09:30,17:37:31
Витебск,Гомель,259,529.88,69.43,2023-08-22,03:37:20,23:17:28
Минск,Гомель,75,605.47,75.72,2024-03-29,02:12:41,16:44:07
Гродно,Москва,235,517.21,74.18,2023-06-27,03:32:50,22:10:52
Санкт-Петербург,Витебск,119,647.67,78.55,2024-04-06,07:59:24,14:08:02
Витебск,Екатеринбург,187,659.24,82.99,2024-02-22,09:02:26,22:17:39
Гродно,Витебск,73,339.39,47.15,2023-08-05,03:47:13,19:35:37
Екатеринбург,Москва,113,597.1,87.4,2024-04-28,07:14:03,13:33:59
Гродно,Санкт-Петербург,270,739.95,99.37,2023-08-06,04:05:11,17:11:22
Екатеринбург,Минск,149,363.75,57.96,2023-10-15,11:46:07,16:02:48
Гомель,Новосибирск,157,688.46,96.98,2023-12-27,03:43:41,12:54:41
Новосибирск,Могилев,93,339.32,56.02,2023-09-10,07:29:25,20:45:54
Гомель,Витебск,57,562.55,85.97,2023-07-20,04:10:42,12:13:06
Гродно,Могилев,58,431.26,62.85,2024-01-22,06:02:19,16:36:51
Гродно,Новосибирск,182,696.66,97.13,2024-05-27,10:31:04,18:59:39
Могилев,Гродно,33,444.39,64.14,2023-11-23,10:23:21,22:16:23
Екатеринбург,Санкт-Петербург,232,703.67,100.12,2024-02-18,02:48:00,18:58:43
Москва,Новосибирск,192,471.05,69.76,2023-08-11,11:06:50,19:16:41
Гомель,Минск,208,676.82,81.97,2023-06-10,01:58:56,18:32:29
Могилев,Минск,69,441.4,73.78,2023-12-05,09:56:40,21:50:24
Брест,Гомель,87,483.21,70.69,2024-02-24,09:34:11,19:56:53
Новосибирск,Екатеринбург,51,304.42,48.31,2023-11-11,08:30:58,21:16:20
Могилев,Минск,86,257.01,49.71,2024-05-19,09:31:42,15:37:50
Новосибирск,Гомель,104,483.52,62.94,2024-01-12,00:17:48,14:11:35
Гомель,Екатеринбург,168,649.43,84.01,2024-05-09,00:55:30,23:09:24
Москва,Гродно,73,418.3,67.7,2023-12-19,04:23:00,21:29:31
Витебск,Гомель,153,375.58,65.78,2024-05-26,09:58:48,19:14:50
Санкт-Петербург,Минск,136,691.84,88.65,2023-10-03,00:44:45,15:28:35
Витебск,Гродно,189,409.07,65.87,2024-02-12,08:55:40,15:24:12
Екатеринбург,Москва,161,361.26,52.38,2023-10-21,00:23:04,21:36:03
Витебск,Брест,59,335.93,43.97,2023-11-02,01:57:47,14:46:35
Санкт-Петербург,Екатеринбург,116,389.07,54.4,2024-04-25,11:20:42,13:21:00
Витебск,Гомель,195,528.33,81.66,2024-02-15,04:40:24,21:14:42
Минск,Екатеринбург,97,367.37,66.49,2023-09-10,04:49:33,14:47:41
Гомель,Витебск,73,593.4,87.74,2023-08-03,07:45:34,18:41:35
Минск,Екатеринбург,56,264.46,46.12,2024-01-08,11:34:08,21:42:56
Новосибирск,Екатеринбург,82,229.22,46.61,2024-02-28,06:56:28,17:00:08
Гомель,Екатеринбург,241,525.14,67.49,2023-06-09,10:42:26,12:01:03
Гомель,Минск,103,257.4,37.81,2023-11-29,00:08:55,14:37:16
Гродно,Санкт-Петербург,242,496.38,79.0,2024-03-18,01:57:02,17:01:11
Санкт-Петербург,Москва,53,528.01,78.44,2023-07-05,03:57:34,13:45:11
Гомель,Брест,93,252.59,46.03,2023-10-13,06:09:37,21:17:46
Новосибирск,Екатеринбург,60,571.77,77.88,2024-03-18,08:24:31,16:33:03
Екатеринбург,Санкт-Петербург,249,680.67,81.68,2023-06-22,08:24:56,19:56:36
Гродно,Гомель,143,672.83,95.54,2024-01-02,07:49:20,19:57:28
Витебск,Могилев,108,285.4,40.84,2023-09-22,07:47:53,13:52:40
Минск,Санкт-Петербург,168,740.59,97.46,2023-07-27,04:49:52,23:50:05
Минск,Гомель,73,515.97,71.53,2023-09-06,06:01:53,15:22:56
Гродно,Москва,216,450.66,67.56,2024-03-26,04:33:30,15:31:54
Гомель,Москва,183,649.46,85.47,2023-12-09,08:06:11,22:52:33
Гомель,Екатеринбург,168,482.42,70.33,2023-10-19,06:03:20,16:24:39
Минск,Екатеринбург,40,405.63,66.72,2024-01-27,06:08:51,12:47:15
Москва,Могилев,121,341.59,56.03,2023-09-24,08:54:42,14:49:47
Брест,Минск,156,674.2,90.35,2024-02-21,08:27:54,22:30:20
Екатеринбург,Москва,147,675.45,81.34,2023-10-22,01:54:03,22:25:31
Санкт-Петербург,Минск,133,361.51,54.51,2024-01-20,00:27:17,21:49:22
Могилев,Москва,200,778.23,96.52,2024-05-16,01:52:49,23:54:31
Гомель,Могилев,185,582.98,79.63,2024-02-06,04:33:14,21:58:59
Москва,Санкт-Петербург,187,468.65,68.29,2024-05-01,08:57:45,16:58:57
Москва,Минск,43,541.67,69.69,2024-02-01,11:38:06,19:15:22
Екатеринбург,Санкт-Петербург,196,431.54,60.85,2023-07-26,01:32:30,23:33:55
Новосибирск,Минск,94,471.81,65.93,2024-03-08,10:52:53,17:27:04
Санкт-Петербург,Новосибирск,69,582.61,72.62,2023-10-03,10:41:18,22:27:56
Санкт-Петербург,Витебск,93,323.23,53.63,2023-11-02,05:29:16,13:10:02
Новосибирск,Брест,123,587.2,87.27,2024-03-21,05:29:22,19:39:32
Гродно,Екатеринбург,96,360.02,50.65,2023-11-12,05:45:39,18:59:39
Витебск,Москва,210,811.62,111.12,2024-04-21,10:44:25,19:41:19
Новосибирск,Гомель,47,180.41,28.57,2024-02-12,01:51:00,21:22:58
Москва,Гомель,42,423.39,54.81,2023-07-06,03:11:10,19:02:22
Гомель,Новосибирск,97,495.1,59.63,2023-06-05,00:38:16,23:48:56
Могилев,Екатеринбург,51,573.61,82.59,2024-01-21,02:35:04,21:29:28
Могилев,Москва,174,409.79,56.67,2023-08-18,09:37:16,19:22:22
Гомель,Москва,84,593.67,84.62,2024-03-02,08:42:40,17:37:05
Новосибирск,Гомель,51,543.33,71.12,2023-10-12,00:58:41,13:34:05
Москва,Брест,90,532.31,75.63,2023-08-06,01:06:56,16:44:03
Гомель,Витебск,91,284.73,48.01,2023-09-05,09:40:19,21:32:44
Могилев,Екатеринбург,109,494.84,78.16,2023-08-30,09:35:51,20:16:03
Витебск,Екатеринбург,135,451.52,57.56,2024-02-07,08:08:23,15:48:13
Москва,Санкт-Петербург,146,636.43,76.21,2023-11-26,11:11:05,20:23:51
Екатеринбург,Минск,166,473.2,63.29,2023-10-30,03:05:52,20:24:27
Витебск,Гомель,152,370.39,56.52,2024-03-06,10:14:19,14:10:18
Гродно,Санкт-Петербург,180,622.9,88.97,2024-05-09,07:14:43,17:47:16
Гродно,Гомель,63,578.05,67.88,2024-02-21,07:31:03,16:15:55
Минск,Витебск,110,297.48,54.44,2024-01-11,03:26:14,21:50:16
Москва,Екатеринбург,116,646.44,92.58,2024-05-09,11:31:54,21:39:41
Санкт-Петербург,Могилев,92,457.19,55.87,2023-11-12,06:40:33,23:27:04
Санкт-Петербург,Могилев,54,517.52,64.72,2023-06-17,06:13:31,13:17:59
Витебск,Гомель,98,300.69,49.39,2023-11-08,05:18:52,22:56:29
Санкт-Петербург,Могилев,94,562.01,73.82,2024-05-08,11:52:12,21:11:51
Екатеринбург,Могилев,242,813.58,103.48,2024-03-03,06:32:16,14:05:30
Гомель,Брест,41,489.84,64.56,2024-01-11,04:58:20,15:18:46
Гродно,Могилев,141,438.64,54.93,2023-11-14,02:24:31,19:40:54
Гродно,Екатеринбург,167,476.39,65.42,2024-03-30,09:22:24,12:26:37
Гродно,Санкт-Петербург,117,501.85,60.94,2024-02-17,09:23:26,15:54:51
Гродно,Минск,176,628.86,85.93,2024-03-06,11:08:04,13:04:22
Екатеринбург,Гомель,56,332.26,47.25,2023-06-23,07:42:26,17:38:27
Москва,Витебск,106,286.97,56.8,2023-08-08,02:18:26,18:02:40
Гродно,Брест,44,289.86,55.65,2023-11-24,01:33:47,13:49:22
Екатеринбург,Москва,234,814.68,99.52,2023-06-29,00:23:17,20:46:47
Гомель,Москва,119,432.44,59.46,2023-09-13,09:36:29,19:53:35
Гродно,Новосибирск,202,758.25,90.35,2024-03-03,04:26:16,17:26:57
Минск,Санкт-Петербург,247,851.75,108.36,2023-08-05,08:57:07,18:11:17
Гродно,Москва,177,682.4,95.65,2023-11-25,09:04:52,22:25:56
Новосибирск,Минск,113,546.55,70.18,2023-12-26,02:29:52,22:08:31
Санкт-Петербург,Екатеринбург,99,445.79,55.11,2024-05-13,00:38:35,14:40:31
Москва,Гродно,96,287.36,57.53,2023-12-11,11:57:35,19:10:02
Минск,Гомель,100,414.9,63.03,2024-05-22,09:13:56,12:54:00
Могилев,Гомель,122,496.97,62.89,2024-01-09,00:50:09,17:40:38
Екатеринбург,Москва,207,601.34,88.44,2024-01-25,08:11:02,20:14:43
Новосибирск,Могилев,47,269.14,53.38,2024-03-24,11:27:34,20:10:35
Санкт-Петербург,Гомель,72,304.9,44.32,2023-06-05,11:15:04,13:16:29
Гродно,Москва,221,450.92,61.76,2024-05-13,03:59:15,15:02:33
Витебск,Могилев,187,531.6,75.86,2023-06-20,11:09:06,23:33:43
Минск,Брест,102,641.99,89.0,2023-12-14,04:54:54,15:10:36
Могилев,Минск,82,579.24,75.72,2023-10-09,09:18:14,12:48:13
Витебск,Санкт-Петербург,75,345.83,61.07,2023-10-04,08:55:12,17:47:58
Витебск,Новосибирск,116,329.29,50.36,2024-04-25,08:25:15,20:04:31
Гродно,Екатеринбург,184,771.99,106.44,2023-12-03,11:34:11,19:02:19
Могилев,Екатеринбург,99,444.16,63.17,2023-06-24,11:35:36,20:08:01
Могилев,Новосибирск,175,366.82,53.88,2024-04-14,09:04:16,20:23:57
Гродно,Витебск,38,497.04,79.61,2024-04-19,02:19:58,22:48:31
Брест,Минск,138,589.26,72.98,2024-05-09,05:19:01,14:37:50
Гомель,Витебск,112,512.89,77.48,2024-04-15,06:07:15,20:07:38
Гродно,Екатеринбург,225,702.88,85.0,2023-11-13,06:53:08,18:51:03
Гомель,Санкт-Петербург,144,567.75,68.22,2023-08-17,05:31:33,20:48:07
Минск,Москва,163,736.29,86.45,2024-01-04,03:11:10,14:26:43
Минск,Новосибирск,93,579.11,85.53,2024-02-05,01:35:29,13:53:08
Минск,Новосибирск,171,364.72,56.51,2023-07-07,00:38:49,23:52:56
Гродно,Могилев,63,312.65,53.27,2024-04-25,03:05:49,13:56:14
Новосибирск,Брест,58,362.93,64.44,2024-03-12,06:12:58,22:58:23
Могилев,Новосибирск,113,652.84,94.7,2023-07-25,02:30:24,23:42:35
Брест,Санкт-Петербург,167,620.92,79.61,2023-06-10,00:49:11,20:57:00
Могилев,Санкт-Петербург,178,567.83,82.64,2023-11-08,03:01:48,20:41:55
Витебск,Гродно,246,664.94,88.41,2024-02-23,05:37:38,19:40:46
Новосибирск,Могилев,66,350.44,60.8,2023-11-14,11:51:54,18:58:04
Москва,Брест,113,330.5,62.29,2023-10-05,01:31:44,19:07:47
Новосибирск,Гродно,41,452.56,65.62,2023-06-06,10:08:31,18:03:40
Витебск,Брест,72,475.48,75.29,2023-08-26,00:55:30,15:40:35
Санкт-Петербург,Екатеринбург,68,488.62,74.96,2023-06-10,06:17:52,17:41:33
Витебск,Екатеринбург,254,648.15,80.85,2024-03-09,05:40:30,21:02:54
Минск,Брест,50,543.79,82.36,2024-03-24,06:55:32,23:00:16
Гродно,Гомель,130,601.26,89.16,2023-06-05,01:29:11,13:23:38
Гродно,Москва,220,456.06,55.92,2024-04-19,07:22:09,15:23:23
Москва,Минск,82,512.81,76.43,2024-02-22,02:02:38,19:10:29
Гродно,Брест,50,209.06,30.99,2023-12-27,05:29:07,20:14:09
Могилев,Санкт-Петербург,115,342.65,60.7,2024-01-28,01:31:02,13:13:55
Минск,Могилев,176,569.99,80.32,2023-07-12,09:33:22,22:04:58
Витебск,Гомель,166,557.4,75.55,2023-08-17,02:35:39,12:13:09
Брест,Витебск,136,520.09,71.38,2023-07-21,06:57:28,12:02:26
Новосибирск,Минск,64,516.41,74.42,2024-01-27,03:07:23,16:51:29
Минск,Гродно,65,353.04,52.12,2024-02-12,11:35:22,16:32:07
Гомель,Новосибирск,202,722.4,83.94,2023-08-21,04:32:37,18:08:08
Минск,Санкт-Петербург,240,580.78,68.48,2024-05-09,06:02:21,15:45:33
Екатеринбург,Брест,67,393.14,52.31,2023-09-30,05:09:30,23:17:25
Минск,Гродно,48,345.19,53.4,2023-09-21,10:58:36,14:15:23
Москва,Витебск,64,527.36,75.65,2024-02-27,03:53:35,17:42:50
Екатеринбург,Новосибирск,269,873.44,112.13,2023-08-14,00:16:09,14:33:11
Брест,Минск,112,558.02,73.76,2023-07-13,00:19:37,16:11:51
Москва,Санкт-Петербург,120,398.72,64.34,2023-12-06,10:23:51,15:28:26
Минск,Гродно,33,225.94,45.86,2024-05-01,09:56:17,13:29:05
Санкт-Петербург,Гродно,131,315.95,52.13,2024-05-28,02:53:56,17:13:58
Гродно,Брест,96,366.51,50.62,2023-11-06,05:05:58,13:53:50
Москва,Брест,56,362.66,61.09,2024-02-03,00:21:11,12:29:53
Брест,Гродно,201,762.29,100.55,2023-07-06,03:24:39,22:39:43
Витебск,Брест,57,248.32,45.89,2023-06-13,09:36:04,14:06:31
Минск,Гродно,104,262.3,48.81,2023-09-19,01:25:21,16:21:42
Москва,Гомель,74,462.83,71.52,2024-05-24,02:48:35,13:16:37
Брест,Могилев,233,785.17,101.39,2023-11-27,10:19:21,17:54:48
Гродно,Витебск,118,577.22,75.69,2024-04-10,10:22:54,13:31:12
Гродно,Минск,111,526.33,63.98,2024-04-07,11:00:23,23:23:43
Санкт-Петербург,Витебск,117,310.19,54.71,2023-07-19,01:59:30,17:50:18
Екатеринбург,Санкт-Петербург,260,560.47,68.63,2024-05-04,11:58:10,22:02:48
Брест,Гродно,123,307.52,43.96,2023-09-12,07:46:36,14:56:14
Брест,Гомель,148,695.88,96.14,2023-07-26,07:17:13,15:48:47
Брест,Минск,121,679.71,82.36,2024-02-13,07:25:21,19:29:28
Минск,Витебск,101,600.31,89.01,2023-12-24,02:53:45,13:10:35
Брест,Гродно,100,523.72,77.37,2024-04-17,02:40:13,13:10:55
Гродно,Брест,50,505.68,74.67,2024-02-12,01:58:55,20:23:59
Екатеринбург,Минск,116,590.95,75.01,2024-02-10,11:10:20,16:24:02
Витебск,Екатеринбург,181,504.1,66.58,2023-10-17,01:19:38,20:55:15
Могилев,Москва,94,364.9,58.09,2023-07-19,05:14:36,16:43:08
Санкт-Петербург,Минск,82,435.42,54.33,2024-05-08,07:13:14,21:34:40
Могилев,Брест,45,325.88,44.73,2023-08-03,11:02:04,22:51:23
Витебск,Екатеринбург,159,509.01,76.99,2023-09-21,06:55:31,15:21:31
Екатеринбург,Минск,161,435.84,65.19,2024-04-30,00:19:09,18:19:18
Витебск,Могилев,262,642.58,85.38,2023-06-12,04:52:10,18:32:02
Москва,Гомель,69,509.31,61.38,2023-06-21,07:05:05,14:22:50
Брест,Витебск,184,520.03,68.74,2023-06-20,02:56:17,12:42:07
Минск,Могилев,223,822.79,101.0,2023-08-23,01:46:21,16:42:06
Екатеринбург,Гродно,128,362.87,65.25,2024-02-24,04:31:04,16:09:20
Москва,Брест,101,367.62,51.49,2023-09-13,03:15:46,19:45:58
Брест,Гродно,77,252.53,53.85,2024-01-07,08:09:44,17:38:29
Санкт-Петербург,Минск,41,541.01,67.41,2023-10-05,07:25:49,22:32:05
Екатеринбург,Минск,137,525.57,81.69,2023-10-25,03:22:00,17:00:43
Москва,Екатеринбург,45,237.79,34.21,2024-06-03,05:57:47,18:04:10
Витебск,Екатеринбург,195,694.89,94.73,2024-01-11,06:13:13,20:17:40
Брест,Витебск,131,506.56,72.44,2024-05-23,10:03:30,21:35:25
Гомель,Екатеринбург,169,737.98,92.18,2024-04-29,09:27:53,19:58:49
Витебск,Екатеринбург,98,504.38,75.04,2023-06-21,07:19:58,21:20:50
Москва,Витебск,76,488.68,77.87,2024-04-28,04:20:24,14:39:20
Санкт-Петербург,Витебск,33,539.3,65.05,2024-03-21,01:35:53,17:45:09
Брест,Гродно,124,518.31,80.42,2024-03-03,02:58:31,15:44:12
Минск,Санкт-Петербург,222,449.64,59.15,2024-01-26,02:47:49,19:21:59
Могилев,Гомель,75,605.34,87.85,2024-02-14,05:29:48,14:09:00
Гродно,Брест,80,353.17,64.7,2023-12-14,06:43:30,22:09:15
Санкт-Петербург,Москва,50,353.99,57.33,2024-03-07,08:09:09,13:43:12
Москва,Гомель,59,270.17,53.19,2024-02-10,05:12:38,13:10:05
Санкт-Петербург,Москва,96,542.66,75.66,2024-05-20,05:36:32,23:37:42
Екатеринбург,Гомель,46,362.17,56.67,2023-11-30,00:37:32,21:09:18
Гомель,Минск,94,449.36,63.58,2024-02-08,06:05:35,16:33:24
Могилев,Санкт-Петербург,104,329.37,54.51,2023-11-21,10:39:24,13:49:15
Гомель,Могилев,203,471.17,67.31,2023-10-27,01:02:22,17:36:49
Москва,Гомель,71,285.25,48.79,2024-05-08,09:48:52,12:44:31
Гомель,Новосибирск,205,408.73,55.5,2023-12-30,01:31:22,22:26:51
Брест,Екатеринбург,265,800.69,99.71,2023-08-13,11:02:33,21:10:46
Гомель,Витебск,108,267.41,47.01,2023-08-24,04:11:04,22:14:12
Гомель,Гродно,127,437.82,59.97,2023-10-28,01:59:41,12:53:11
Витебск,Москва,180,538.0,78.08,2024-01-19,08:26:42,20:09:26
Витебск,Брест,97,574.66,81.21,2023-09-26,08:50:41,17:04:31
Санкт-Петербург,Могилев,86,331.11,58.69,2023-06-08,04:32:02,19:33:21
Новосибирск,Витебск,97,602.09,78.02,2023-07-28,09:40:36,14:08:09
Гродно,Витебск,100,324.23,58.93,2023-08-02,06:27:18,17:03:00
Санкт-Петербург,Брест,59,232.35,52.85,2023-09-18,06:36:38,15:50:19
Брест,Новосибирск,152,706.54,92.8,2023-10-12,04:35:29,22:37:21
Витебск,Могилев,138,483.86,64.33,2023-10-14,03:31:26,13:26:02
Гомель,Санкт-Петербург,117,461.51,62.3,2024-04-06,08:28:30,15:30:06
Екатеринбург,Санкт-Петербург,225,622.54,73.21,2023-10-25,02:46:21,14:26:36
Минск,Санкт-Петербург,269,651.02,85.73,2024-03-10,06:41:51,20:18:09
Гродно,Гомель,140,526.7,63.19,2023-07-11,06:08:07,17:10:03
Брест,Санкт-Петербург,139,380.17,57.86,2023-10-14,00:23:09,23:15:27
Минск,Гомель,38,373.53,60.8,2024-04-02,08:32:42,23:03:48
Гомель,Новосибирск,201,526.57,82.26,2024-01-31,04:05:19,12:01:20
Новосибирск,Екатеринбург,51,188.78,40.37,2023-06-18,10:58:50,13:45:06
Москва,Брест,95,323.17,58.71,2023-06-21,06:21:46,12:19:41
Новосибирск,Минск,76,469.8,62.12,2023-09-17,05:28:36,17:57:50
Минск,Санкт-Петербург,92,263.51,49.78,2023-08-07,11:09:42,19:00:45
Санкт-Петербург,Витебск,64,198.95,35.22,2023-08-02,08:44:55,20:08:10
Гродно,Минск,146,371.33,58.13,2024-01-17,04:48:16,14:35:51
Новосибирск,Могилев,88,292.92,53.68,2023-09-25,11:21:39,12:53:05
Брест,Минск,158,634.45,74.76,2023-10-23,03:48:08,12:39:07
Екатеринбург,Гомель,130,504.44,79.77,2023-11-05,03:51:33,16:07:14
Санкт-Петербург,Могилев,59,472.65,63.33,2024-01-04,03:19:31,15:22:53
Гродно,Витебск,142,636.69,78.61,2023-07-25,08:44:09,21:51:31
Могилев,Минск,120,516.86,74.05,2023-09-26,00:12:49,12:34:18
Минск,Брест,99,420.43,67.25,2023-07-19,02:30:10,17:27:31
Москва,Минск,53,562.3,82.24,2023-12-07,01:05:07,23:22:33
Екатеринбург,Витебск,96,579.28,70.84,2024-03-14,06:28:54,18:53:50
Гродно,Екатеринбург,168,402.14,66.18,2023-09-06,09:49:11,17:28:40
Гродно,Минск,182,621.21,74.65,2024-06-01,07:41:56,23:00:16
Москва,Минск,100,305.71,50.7,2023-06-23,11:24:52,22:18:14
Москва,Гродно,65,472.42,65.46,2023-10-02,11:27:58,16:50:08
Новосибирск,Могилев,72,562.18,79.72,2023-08-13,07:24:45,16:49:21
Могилев,Гомель,69,298.55,53.11,2024-05-02,07:31:00,22:13:15
Минск,Витебск,35,520.05,73.29,2023-12-25,07:22:04,14:58:36
Москва,Новосибирск,116,660.61,76.78,2024-03-13,11:49:42,20:04:17
Новосибирск,Минск,123,416.46,67.63,2023-07-02,10:34:49,22:42:45
Гродно,Минск,156,608.37,90.39,2023-09-30,11:08:51,12:35:14
Гомель,Новосибирск,160,610.66,85.44,2023-11-08,07:04:34,15:27:12
Гомель,Брест,68,598.68,70.37,2024-04-24,07:27:34,21:13:00
Брест,Гродно,186,695.24,89.01,2023-10-10,07:35:07,13:41:49
Екатеринбург,Витебск,89,394.66,50.17,2023-09-29,00:33:52,19:05:34
Санкт-Петербург,Новосибирск,72,470.88,66.07,2023-11-13,00:12:28,15:37:42
Москва,Минск,123,651.27,89.57,2023-07-17,10:30:05,19:03:03
Москва,Могилев,131,445.23,70.17,2023-07-13,10:20:57,21:13:56
Новосибирск,Могилев,78,241.19,37.77,2024-01-08,06:44:35,17:33:50
Москва,Екатеринбург,55,253.55,51.59,2024-05-22,02:04:09,22:50:11
Могилев,Минск,99,528.18,70.2,2023-12-08,01:20:08,19:37:19
Санкт-Петербург,Могилев,74,348.3,48.83,2023-12-06,07:30:35,22:22:56
Москва,Брест,111,280.69,49.54,2023-10-13,07:13:13,17:42:23
Гомель,Гродно,217,650.69,76.42,2024-04-26,07:44:33,13:21:37
Витебск,Новосибирск,114,525.62,79.72,2024-04-09,06:41:39,12:48:02
Санкт-Петербург,Могилев,111,294.9,50.54,2024-04-15,02:35:03,22:43:34
Минск,Витебск,119,614.08,77.24,2023-10-16,07:49:56,21:21:40
Витебск,Санкт-Петербург,164,543.34,78.45,2023-07-23,01:18:49,23:47:36
Брест,Минск,148,650.6,82.69,2023-12-08,01:39:13,21:08:31
Гомель,Минск,203,574.11,68.51,2023-07-20,02:33:38,20:13:51
Могилев,Екатеринбург,40,542.14,81.58,2024-03-02,02:28:11,17:01:24
Новосибирск,Санкт-Петербург,138,462.19,60.89,2023-12-15,11:46:55,22:10:03
Гомель,Брест,67,437.59,67.59,2023-11-17,09:20:23,21:50:57
Гомель,Москва,190,702.82,88.5,2023-06-19,04:47:29,14:18:36
Брест,Гродно,186,676.63,85.79,2023-09-30,08:06:45,18:28:45
Гомель,Новосибирск,208,492.72,73.44,2023-10-13,04:22:59,15:52:05
Санкт-Петербург,Гродно,83,415.43,62.33,2024-03-16,07:00:37,18:47:34
Витебск,Гомель,130,306.77,45.78,2024-02-26,02:11:37,20:50:02
Витебск,Москва,234,478.13,70.11,2024-05-17,08:30:12,20:18:19
Гродно,Екатеринбург,127,562.35,77.78,2023-08-04,00:16:04,15:54:58
Минск,Витебск,49,388.0,61.84,2024-05-27,00:11:58,17:17:44
Гродно,Москва,179,682.75,95.29,2023-08-08,03:31:03,22:38:34
Могилев,Витебск,116,315.23,58.06,2024-02-03,08:43:11,17:55:27
Витебск,Могилев,108,289.13,46.8,2024-01-10,09:40:21,17:07:38
Новосибирск,Витебск,119,507.25,62.33,2023-10-28,11:19:22,19:00:31
Екатеринбург,Гомель,108,389.95,59.65,2024-04-13,11:49:54,12:17:50
Витебск,Гродно,208,461.94,63.24,2024-02-08,11:54:06,23:36:34
Екатеринбург,Витебск,46,372.48,57.35,2023-07-08,06:49:58,22:23:07
Минск,Гомель,60,567.45,72.66,2023-06-30,03:13:30,21:53:12
Брест,Новосибирск,115,357.14,51.3,2024-04-13,11:56:01,20:08:16
Витебск,Могилев,248,540.79,71.1,2023-07-07,00:24:04,14:32:07
Новосибирск,Гомель,97,632.98,89.42,2023-08-20,02:54:37,14:09:05
Витебск,Брест,99,279.77,54.48,2024-03-22,05:13:31,15:46:38
Гомель,Минск,104,591.06,88.25,2023-08-29,06:37:54,18:52:31
Минск,Новосибирск,98,475.81,69.76,2023-06-28,00:32:04,17:16:19
Новосибирск,Екатеринбург,48,318.45,53.12,2023-11-01,01:11:18,23:09:01
Брест,Новосибирск,194,770.16,98.88,2023-06-08,11:59:03,18:07:54
Гродно,Екатеринбург,203,499.72,66.4,2023-07-13,03:04:58,12:36:53
Брест,Гродно,136,342.69,54.27,2023-11-04,06:10:40,19:24:07
Новосибирск,Могилев,68,511.75,65.9,2024-01-07,09:46:32,12:16:57
Брест,Новосибирск,82,450.65,63.98,2023-12-23,05:59:53,13:59:56
Витебск,Новосибирск,194,747.38,89.28,2023-09-25,09:10:49,19:41:36
Минск,Брест,70,570.88,86.51,2023-11-26,03:53:15,12:07:49
Могилев,Гродно,48,344.69,60.83,2024-05-27,01:05:58,22:35:13
Гродно,Москва,216,570.28,74.34,2023-12-11,03:13:30,17:50:54
Новосибирск,Витебск,84,463.49,65.88,2024-04-06,05:54:46,17:27:38
Гродно,Брест,62,219.97,34.74,2024-01-18,06:56:34,23:22:44
Екатеринбург,Могилев,225,622.41,91.94,2024-03-08,04:49:57,15:45:44
Витебск,Москва,220,720.88,85.77,2024-02-23,06:19:09,15:47:08
Минск,Екатеринбург,57,376.38,52.08,2023-08-28,00:27:10,19:41:23
Минск,Гродно,69,571.79,70.33,2023-11-16,03:06:55,12:20:04
Могилев,Екатеринбург,103,651.7,95.07,2023-07-07,06:31:11,21:41:41
Гродно,Санкт-Петербург,264,534.78,68.97,2023-10-26,06:07:38,12:56:24
Витебск,Гродно,182,384.39,62.29,2023-08-29,01:37:46,20:15:42
Гомель,Витебск,65,415.34,53.76,2023-09-14,06:00:34,21:45:45
Витебск,Новосибирск,91,488.81,78.17,2024-01-18,01:45:20,13:31:34
Санкт-Петербург,Новосибирск,83,312.49,45.83,2024-04-01,01:35:46,14:33:39
Могилев,Санкт-Петербург,96,414.71,52.87,2023-08-08,02:52:46,17:13:48
Санкт-Петербург,Могилев,83,470.46,57.98,2023-11-19,04:14:07,16:47:51
Екатеринбург,Москва,110,598.8,73.46,2023-08-18,02:04:11,20:33:34
Гомель,Москва,111,387.35,50.61,2023-10-22,06:24:36,12:51:07
Минск,Витебск,104,463.5,65.78,2023-07-19,08:44:36,16:38:18
Новосибирск,Гомель,54,349.05,54.64,2023-06-29,00:46:12,18:42:37
Брест,Гродно,172,467.77,65.94,2024-04-19,03:05:11,13:43:54
Москва,Витебск,121,596.03,73.51,2024-05-05,00:01:44,21:17:47
Витебск,Могилев,174,492.93,70.43,2024-05-01,09:06:52,16:49:06
Витебск,Гомель,203,769.16,102.21,2024-03-03,07:42:21,13:52:38
Гомель,Екатеринбург,289,612.97,73.27,2023-06-15,08:33:27,14:16:17
Екатеринбург,Гомель,93,403.54,50.84,2024-05-20,11:09:25,19:36:06
Москва,Минск,88,564.35,75.18,2023-12-26,07:29:18,12:37:06
Витебск,Санкт-Петербург,86,356.36,65.35,2023-11-27,05:50:32,12:35:24
Санкт-Петербург,Гродно,98,281.71,41.89,2024-03-23,03:13:19,13:36:38
Могилев,Брест,71,490.26,66.75,2024-02-22,10:12:52,18:15:38
Санкт-Петербург,Екатеринбург,106,444.65,66.6,2023-08-22,03:44:46,23:40:10
Могилев,Гомель,98,250.64,40.81,2023-07-21,01:56:56,12:46:21
Могилев,Екатеринбург,57,574.54,72.44,2023-12-15,06:05:35,17:20:46
Минск,Гомель,85,596.47,74.38,2023-11-06,00:45:58,19:06:14
Гомель,Гродно,202,540.17,83.86,2023-09-12,11:49:55,23:41:02
Новосибирск,Брест,52,223.9,47.63,2023-08-24,07:43:33,22:26:25
Санкт-Петербург,Могилев,95,378.73,55.01,2024-02-08,00:49:25,12:38:38
Гродно,Гомель,92,520.28,81.1,2023-06-21,09:48:20,19:04:27
Минск,Могилев,192,769.83,103.31,2024-04-09,11:40:30,15:37:48
Санкт-Петербург,Гомель,104,548.47,66.93,2023-08-27,01:23:01,23:29:31
Минск,Екатеринбург,94,631.15,78.7,2024-02-02,10:43:24,15:55:09
Москва,Витебск,65,542.74,73.74,2023-07-31,06:01:36,22:40:10
Москва,Гомель,111,367.17,61.58,2023-07-15,05:42:59,16:19:04
Гродно,Москва,142,631.85,87.14,2023-08-20,08:39:18,16:10:28
Екатеринбург,Гродно,56,237.23,44.82,2023-11-30,01:57:44,21:04:25
Гродно,Москва,206,637.62,93.58,2023-10-29,00:10:43,15:26:32
Гродно,Витебск,74,361.35,52.83,2023-10-23,09:07:27,12:58:23
Минск,Витебск,84,269.85,37.8,2024-01-03,05:59:04,21:02:33
Витебск,Санкт-Петербург,148,702.55,92.78,2024-04-21,08:57:31,23:40:12
Санкт-Петербург,Новосибирск,78,228.27,41.18,2023-08-02,00:58:07,12:51:12
Санкт-Петербург,Гродно,60,574.95,79.59,2023-07-15,11:51:20,23:42:07
Москва,Екатеринбург,44,353.93,57.57,2024-01-22,02:10:55,20:08:18
Витебск,Минск,242,525.93,82.26,2023-12-11,04:12:56,17:23:10
Могилев,Гомель,52,469.17,74.12,2023-08-01,10:03:27,13:17:53
Москва,Екатеринбург,37,439.02,56.56,2024-01-09,10:58:14,16:49:56
Витебск,Могилев,135,598.94,77.06,2023-11-09,01:46:36,20:03:28
Минск,Витебск,46,177.72,29.92,2024-02-07,05:52:07,16:44:53
Могилев,Гродно,117,523.52,77.42,2024-02-24,04:44:04,12:58:59
Витебск,Гродно,178,753.34,93.74,2023-11-16,06:54:26,23:51:14
Могилев,Гродно,73,606.93,88.04,2024-05-10,07:04:26,20:59:03
Гродно,Гомель,62,312.13,52.44,2023-12-24,01:41:39,16:47:04
Москва,Могилев,102,544.17,83.26,2023-12-14,07:57:47,23:27:52
Могилев,Санкт-Петербург,211,689.21,98.84,2024-02-23,01:05:03,23:37:14
Витебск,Брест,59,376.62,60.85,2024-05-26,07:34:10,18:00:26
Гомель,Гродно,117,547.1,73.72,2024-05-14,10:29:55,21:54:14
Брест,Гомель,202,697.83,84.04,2023-10-08,09:46:59,16:28:14
Витебск,Минск,210,638.95,89.65,2024-04-23,04:17:51,13:22:30
Екатеринбург,Гомель,58,187.45,40.18,2023-12-15,08:48:54,13:21:54
Могилев,Екатеринбург,114,626.37,90.53,2023-12-15,08:55:12,13:24:21
Санкт-Петербург,Новосибирск,76,465.76,64.09,2024-02-06,04:59:21,15:24:25
Витебск,Санкт-Петербург,113,555.09,81.34,2024-02-20,07:22:54,19:29:18
Витебск,Гомель,161,454.46,65.27,2024-05-09,01:36:36,20:03:00
Екатеринбург,Гомель,52,499.9,75.74,2023-08-22,11:55:15,14:58:04
Витебск,Новосибирск,238,658.32,94.83,2024-01-01,03:17:04,21:05:30
Гомель,Москва,224,817.76,98.6,2024-01-27,05:57:53,15:42:44
Москва,Минск,42,535.03,69.69,2024-05-31,01:19:01,21:17:48
Минск,Санкт-Петербург,297,626.76,74.8,2023-08-28,04:51:18,18:40:19
Могилев,Москва,121,351.39,55.74,2023-06-08,05:02:42,13:14:07
Новосибирск,Екатеринбург,121,527.25,74.64,2023-10-15,08:16:56,21:36:44
Гродно,Гомель,126,431.69,55.51,2024-03-05,03:31:13,18:48:53
Минск,Новосибирск,169,483.43,63.64,2024-03-21,02:20:17,16:49:43
Гомель,Брест,63,430.54,64.82,2024-05-19,05:32:30,21:07:35
Могилев,Витебск,89,522.83,69.7,2023-10-06,07:58:39,13:24:25
Могилев,Гродно,37,249.24,38.02,2024-04-17,04:51:31,16:32:58
Минск,Гомель,43,361.67,56.83,2023-10-07,09:35:33,17:01:02
Екатеринбург,Гродно,100,547.34,84.43,2023-06-18,01:50:54,14:35:51
Минск,Брест,51,182.43,30.99,2023-12-25,02:26:15,12:43:00
Витебск,Санкт-Петербург,136,589.13,86.25,2023-08-01,10:26:29,21:46:26
Новосибирск,Москва,52,495.77,61.89,2024-05-09,02:11:31,14:20:12
Могилев,Минск,88,334.77,51.68,2023-09-12,02:34:42,17:59:11
Могилев,Гомель,131,490.35,75.7,2024-01-25,02:18:49,19:43:50
Минск,Санкт-Петербург,277,713.51,89.2,2024-04-04,03:22:03,23:52:22
Брест,Гродно,99,566.25,72.08,2023-08-04,09:02:36,14:57:40
Гомель,Могилев,159,486.69,72.81,2024-04-27,01:45:11,18:31:24
Москва,Екатеринбург,107,597.16,82.38,2023-10-30,06:57:40,15:53:36
Санкт-Петербург,Могилев,100,606.46,84.28,2024-01-17,07:34:44,19:41:06
Брест,Витебск,98,494.17,72.96,2023-09-27,02:23:07,23:30:37
Минск,Гомель,51,555.28,69.4,2024-03-09,01:08:42,16:07:28
Екатеринбург,Витебск,109,357.63,63.65,2024-03-05,11:53:41,16:16:25
Брест,Гомель,81,359.46,58.15,2024-04-13,04:33:45,16:06:53
Москва,Гомель,111,550.97,79.38,2023-12-04,02:30:45,13:24:37
Брест,Минск,173,524.87,71.84,2023-06-30,07:11:16,13:23:00
Брест,Екатеринбург,244,608.53,82.69,2024-04-10,10:43:02,22:06:25
Витебск,Москва,224,520.51,64.82,2023-07-07,10:52:33,12:32:14
Москва,Гомель,50,382.35,52.22,2023-12-22,03:20:36,12:48:51
Витебск,Санкт-Петербург,171,461.84,71.9,2024-05-07,10:42:14,13:54:08
Минск,Санкт-Петербург,257,548.31,74.64,2024-05-25,09:25:30,15:27:55
Гомель,Могилев,271,623.75,74.36,2023-06-20,01:00:12,19:47:00
Могилев,Гродно,119,539.88,68.91,2023-06-30,01:16:42,21:24:51
Минск,Санкт-Петербург,203,545.74,68.77,2023-08-31,02:46:17,20:52:40
Брест,Гомель,198,475.7,72.6,2023-07-25,00:42:13,12:09:04
Санкт-Петербург,Могилев,66,496.19,71.78,2023-06-20,01:58:05,12:56:26
Екатеринбург,Москва,187,476.77,70.54,2023-09-29,02:58:13,13:52:41
Могилев,Гродно,116,549.62,73.59,2023-06-10,11:00:56,19:17:45
Минск,Брест,60,266.47,54.12,2024-03-25,05:05:31,12:59:16
Гомель,Москва,162,687.23,79.73,2024-04-27,07:06:58,14:43:37
Могилев,Новосибирск,122,299.16,57.87,2023-11-26,01:39:13,16:42:11
Могилев,Гомель,92,309.73,55.75,2023-10-11,03:32:13,15:18:32
Санкт-Петербург,Москва,84,433.91,57.19,2024-05-04,06:41:01,17:52:52
Минск,Гродно,87,602.73,80.32,2023-08-06,11:57:24,21:34:50
Москва,Гомель,82,326.02,44.75,2024-04-10,05:34:50,14:16:15
Новосибирск,Гродно,101,540.31,80.17,2023-08-01,05:31:56,22:36:26
Брест,Витебск,185,534.46,66.55,2024-05-07,08:06:00,19:08:11
Екатеринбург,Гомель,112,645.66,83.61,2024-02-14,04:09:17,14:42:44
Гродно,Минск,178,598.08,69.92,2023-11-30,09:48:28,22:11:00
Москва,Могилев,115,600.32,78.1,2023-10-27,08:47:42,22:28:01
Брест,Новосибирск,208,513.33,69.12,2023-12-18,08:42:32,16:51:35
Могилев,Гродно,53,448.53,74.63,2023-10-31,07:37:05,17:20:11
Новосибирск,Могилев,52,568.57,69.86,2024-05-19,06:07:46,19:43:33
Екатеринбург,Санкт-Петербург,270,858.44,113.87,2023-12-27,04:28:20,23:48:06
Екатеринбург,Новосибирск,193,645.26,85.55,2023-12-17,11:53:24,22:06:41
Гомель,Москва,193,551.02,74.23,2023-06-18,11:16:07,14:03:55
Минск,Гродно,73,373.47,54.77,2024-01-13,09:24:03,22:20:50
Гродно,Брест,103,633.42,87.28,2023-07-10,02:06:17,19:32:22
Гродно,Могилев,193,419.22,57.47,2024-02-23,10:47:35,21:26:33
Новосибирск,Екатеринбург,123,506.59,71.85,2024-04-08,02:59:34,18:17:04
Новосибирск,Москва,99,273.51,41.74,2024-04-12,06:54:27,22:23:51
Москва,Гомель,39,471.09,66.51,2023-12-23,02:02:00,15:51:11
Гомель,Гродно,208,573.92,83.22,2024-03-25,01:13:43,14:09:12
Гродно,Санкт-Петербург,88,407.56,53.63,2024-01-24,03:54:30,14:03:18
Екатеринбург,Гомель,128,427.64,71.64,2023-07-04,02:43:19,14:14:57
Гомель,Москва,206,477.89,61.88,2024-03-21,08:08:27,14:24:54
Санкт-Петербург,Москва,94,341.71,58.49,2023-11-17,00:43:33,16:08:18
Новосибирск,Санкт-Петербург,112,615.93,81.12,2024-05-21,06:45:07,23:25:22
Москва,Брест,80,459.88,59.06,2024-03-24,10:23:51,21:10:28
Витебск,Москва,139,522.91,64.73,2023-08-24,04:24:52,21:44:10
Екатеринбург,Гомель,88,536.17,67.29,2023-09-25,08:02:20,13:40:49
Москва,Екатеринбург,76,261.14,38.39,2023-12-29,01:07:03,12:42:35
Новосибирск,Минск,117,336.77,50.5,2024-05-19,11:50:34,23:52:54
Гродно,Москва,174,517.15,62.61,2024-01-23,10:59:36,17:10:09
Могилев,Екатеринбург,41,379.56,57.78,2023-11-14,04:54:30,23:46:10
Могилев,Гродно,95,621.74,89.49,2024-04-20,05:48:52,14:54:05
Брест,Гомель,198,453.16,57.35,2023-12-09,00:32:54,18:29:57
Могилев,Брест,115,642.31,75.89,2024-04-28,07:41:02,13:50:06
Гомель,Минск,163,427.34,55.28,2024-04-07,11:23:41,13:38:19
Екатеринбург,Москва,155,360.26,64.7,2023-11-02,00:08:17,22:00:41
Москва,Новосибирск,100,515.27,70.82,2024-01-26,01:21:02,18:34:57
Витебск,Минск,82,453.08,66.19,2024-01-18,06:35:35,12:10:56
Витебск,Новосибирск,87,268.08,56.53,2023-09-03,05:20:59,21:10:15
Екатеринбург,Гомель,149,512.99,64.57,2024-04-30,00:14:59,23:20:37
Санкт-Петербург,Новосибирск,57,571.34,69.84,2024-05-05,11:59:59,15:46:19
Москва,Екатеринбург,81,584.76,87.34,2024-04-09,05:51:25,16:43:18
Москва,Гродно,90,572.71,81.73,2023-06-12,11:03:25,14:06:37
Минск,Новосибирск,233,556.31,69.85,2024-02-15,00:54:38,20:04:09
Москва,Минск,81,283.37,55.17,2024-05-13,03:39:58,18:58:53
Гродно,Брест,51,353.44,47.34,2023-06-05,08:23:38,21:06:31
Екатеринбург,Могилев,217,726.85,91.47,2024-03-18,06:00:13,12:16:20
Санкт-Петербург,Новосибирск,50,560.49,74.11,2023-08-14,09:57:09,14:22:29
Екатеринбург,Новосибирск,237,687.56,85.01,2023-09-30,01:36:40,20:18:18
Могилев,Минск,93,435.32,71.5,2023-12-18,04:57:51,16:22:33
Екатеринбург,Гомель,32,504.56,73.33,2024-01-12,05:43:08,23:58:05
Екатеринбург,Могилев,86,353.4,57.22,2023-09-11,05:36:34,14:39:46
Витебск,Санкт-Петербург,161,689.22,91.05,2023-10-12,07:41:10,16:37:44
Санкт-Петербург,Витебск,120,504.01,67.12,2023-06-30,10:20:02,19:00:06
Брест,Гомель,195,614.17,71.76,2023-12-13,01:26:50,18:18:48
Санкт-Петербург,Москва,97,329.65,56.65,2024-05-03,10:55:15,15:32:00
Витебск,Москва,193,467.18,56.89,2023-09-14,03:13:33,18:56:48
Витебск,Москва,173,625.42,74.12,2024-04-20,08:24:26,21:04:34
Витебск,Новосибирск,201,678.71,87.59,2023-09-30,06:01:25,20:39:09
Москва,Екатеринбург,105,392.74,55.24,2024-03-31,05:18:53,19:37:00
Екатеринбург,Витебск,92,633.13,85.56,2023-11-10,10:44:36,18:30:13
Минск,Екатеринбург,101,536.73,75.5,2023-11-01,11:53:05,23:04:22
Екатеринбург,Минск,182,467.91,67.93,2024-04-14,08:01:18,13:28:18
Санкт-Петербург,Могилев,97,576.35,83.21,2023-11-01,05:16:29,20:13:57
Гродно,Минск,157,637.85,86.23,2023-06-29,00:34:44,15:58:46
Екатеринбург,Москва,188,430.74,60.94,2023-08-07,07:58:19,14:49:07
Новосибирск,Могилев,82,610.78,87.18,2024-02-08,10:13:20,13:57:57
Новосибирск,Минск,86,353.62,55.66,2024-06-02,00:46:26,17:39:47
Гомель,Москва,247,863.91,108.1,2023-07-24,03:57:52,12:03:28
Гомель,Новосибирск,220,736.81,103.31,2023-09-05,06:20:59,13:32:53
Москва,Екатеринбург,96,539.28,76.22,2023-09-24,05:40:43,14:33:38
Гомель,Санкт-Петербург,102,309.04,46.35,2024-03-14,05:32:29,18:24:25
Гродно,Санкт-Петербург,110,515.62,67.59,2024-04-22,06:57:25,15:48:48
Гомель,Витебск,62,302.34,50.48,2023-10-12,01:28:06,22:22:03
Санкт-Петербург,Брест,62,200.37,46.17,2023-06-26,09:54:28,18:51:44
Гомель,Брест,63,337.21,58.75,2024-06-04,01:01:30,13:12:41
Екатеринбург,Гомель,141,659.19,83.31,2023-06-18,08:46:35,15:38:38
Витебск,Минск,249,822.23,100.93,2023-12-08,02:13:37,13:03:57
Могилев,Брест,68,239.6,47.04,2023-11-14,04:07:21,22:26:45
Минск,Гродно,101,496.85,60.51,2023-07-29,01:58:01,20:01:11
Екатеринбург,Могилев,214,605.77,74.81,2023-12-13,06:02:08,15:20:12
Брест,Гомель,204,456.86,63.45,2024-05-15,07:01:44,13:52:28
Могилев,Новосибирск,96,397.72,58.0,2024-05-05,10:15:39,19:53:20
Могилев,Витебск,70,535.09,82.22,2024-01-24,04:15:13,16:04:59
Москва,Санкт-Петербург,202,737.1,92.19,2024-03-09,03:45:07,18:37:16
Минск,Брест,66,507.3,77.09,2023-07-06,01:25:19,20:01:52
Гомель,Витебск,143,640.77,93.58,2024-02-21,09:00:51,17:26:59
Новосибирск,Витебск,45,458.24,69.24,2024-03-02,10:14:06,13:54:56
Минск,Новосибирск,134,484.87,69.03,2023-08-02,01:10:14,12:26:32
Минск,Брест,91,296.55,43.02,2024-04-14,05:18:54,14:02:12
Витебск,Брест,61,369.0,63.3,2023-10-20,09:28:59,23:31:18
Санкт-Петербург,Гродно,36,259.39,41.44,2023-11-11,05:49:45,21:17:06
Гомель,Гродно,124,518.94,81.17,2023-06-18,03:00:41,12:49:41
Гомель,Минск,168,438.91,64.07,2024-01-28,04:20:15,13:51:28
Могилев,Минск,54,431.15,69.94,2023-12-03,10:35:55,20:55:37
Могилев,Брест,61,374.76,62.29,2023-11-02,08:01:21,23:57:03
Москва,Санкт-Петербург,212,591.64,73.59,2023-11-30,04:07:05,21:48:16
Брест,Екатеринбург,215,739.93,102.8,2023-06-23,06:47:47,19:17:24
Санкт-Петербург,Гродно,78,249.79,51.75,2023-07-14,09:18:37,14:08:47
Гродно,Санкт-Петербург,106,267.28,44.09,2023-12-04,10:37:49,19:32:21
Могилев,Витебск,53,186.14,39.7,2024-04-02,07:23:14,20:51:31
Гродно,Брест,89,584.96,81.64,2023-08-02,05:34:02,18:59:35
Минск,Новосибирск,167,540.73,64.16,2023-06-12,01:15:58,14:05:42
Гродно,Санкт-Петербург,109,645.47,81.98,2023-06-17,10:04:59,13:10:41
Екатеринбург,Могилев,143,315.04,56.66,2024-01-23,08:51:36,15:01:56
Витебск,Гомель,227,744.16,90.61,2024-01-30,07:34:35,22:08:39
Могилев,Минск,111,317.43,46.59,2023-07-26,02:20:40,23:43:51
Минск,Екатеринбург,76,418.05,59.92,2024-02-04,05:48:01,16:28:08
Гомель,Санкт-Петербург,259,510.11,65.04,2023-10-08,11:56:54,15:09:43
Могилев,Москва,216,647.11,91.21,2023-07-15,00:33:56,20:59:22
Москва,Минск,98,482.71,60.31,2024-03-02,11:02:01,17:56:04
Гродно,Санкт-Петербург,114,664.85,81.41,2024-01-04,06:02:14,20:10:43
Могилев,Гомель,108,348.53,63.13,2024-02-12,02:33:22,22:21:57
Гомель,Гродно,209,518.45,69.21,2023-10-17,09:32:23,23:59:19
Минск,Новосибирск,178,664.22,81.84,2023-08-19,11:42:20,17:13:15
Гомель,Новосибирск,225,487.46,71.3,2023-10-31,03:01:22,16:27:18
Минск,Новосибирск,166,423.99,53.69,2024-04-04,01:31:04,19:08:52
Москва,Брест,96,475.69,73.08,2024-04-01,03:01:18,16:06:13
Гродно,Минск,82,334.97,45.77,2024-04-01,00:36:34,21:15:32
Минск,Могилев,114,542.27,70.97,2023-12-12,10:48:21,20:50:36
Новосибирск,Москва,91,504.13,70.8,2023-07-18,04:08:00,15:27:55
Екатеринбург,Санкт-Петербург,202,576.45,67.77,2024-05-12,03:37:01,21:16:32
Брест,Новосибирск,157,471.46,63.28,2023-06-28,00:32:30,18:46:50
Могилев,Москва,157,387.21,52.06,2024-01-27,05:52:14,18:16:59
Новосибирск,Гомель,47,413.73,52.31,2024-03-03,10:08:55,19:59:03
Екатеринбург,Москва,107,458.08,68.77,2023-12-03,03:26:46,19:29:24
Брест,Гродно,109,650.08,76.71,2024-01-29,02:59:31,18:01:29
Санкт-Петербург,Новосибирск,58,267.83,37.51,2024-02-05,02:37:08,12:05:38
Москва,Витебск,106,346.68,45.0,2024-06-01,08:37:33,17:04:16
Санкт-Петербург,Москва,65,383.83,65.48,2023-10-14,08:03:43,18:11:55
Могилев,Москва,115,551.19,79.65,2024-02-12,07:12:24,21:40:47
Москва,Санкт-Петербург,216,518.04,62.71,2023-07-23,09:21:01,20:47:55
Гродно,Минск,175,657.63,91.19,2024-02-25,07:08:01,14:01:25
Минск,Могилев,126,408.66,61.41,2024-03-08,08:49:41,14:21:33
Гродно,Брест,38,538.39,75.2,2024-02-01,05:05:42,21:54:17
Екатеринбург,Брест,72,458.13,60.25,2023-09-28,04:48:30,19:34:21
Гомель,Санкт-Петербург,250,579.12,84.42,2024-04-06,07:11:23,15:34:38
Гомель,Гродно,235,754.13,95.21,2024-04-29,10:19:37,15:56:54
Могилев,Гомель,105,586.24,82.62,2023-07-24,03:02:45,21:58:15
Минск,Брест,78,459.76,67.15,2024-05-24,10:44:48,15:59:17
Санкт-Петербург,Витебск,116,598.52,86.85,2023-11-02,03:19:41,21:15:11
Брест,Екатеринбург,139,577.22,74.12,2024-04-10,03:55:27,16:47:59
Гродно,Новосибирск,207,638.44,85.43,2023-09-27,11:41:41,19:25:14
Екатеринбург,Гомель,70,307.87,56.99,2024-05-26,11:38:19,13:19:56
Могилев,Витебск,59,459.61,68.17,2024-03-20,09:31:57,16:27:30
Гомель,Брест,76,436.37,70.46,2024-05-08,08:16:04,16:14:28
Брест,Минск,122,445.42,66.04,2024-02-24,01:33:38,15:00:08
Витебск,Брест,97,526.36,82.27,2024-04-14,07:32:28,14:34:16
Минск,Гродно,47,370.52,50.31,2023-07-22,00:10:02,12:03:18
Гродно,Минск,172,562.78,84.18,2023-12-23,08:50:25,23:29:20
Москва,Санкт-Петербург,108,657.59,79.16,2024-05-04,09:54:26,19:50:16
Москва,Витебск,76,502.1,73.5,2024-04-05,08:25:38,19:14:46
Гомель,Минск,132,333.59,51.05,2023-08-17,02:53:10,12:54:00
Витебск,Гродно,123,596.99,83.28,2023-06-19,06:25:50,22:33:17
Гомель,Гродно,292,885.91,116.86,2024-04-03,04:46:29,17:04:25
Гродно,Екатеринбург,232,543.8,80.3,2023-11-04,08:19:04,12:47:32
Витебск,Екатеринбург,124,289.26,41.76,2023-11-24,05:39:13,20:20:55
Витебск,Гродно,244,526.19,77.27,2023-10-27,01:10:37,15:37:39
Могилев,Санкт-Петербург,101,439.9,68.09,2024-03-24,03:41:37,19:37:27
Санкт-Петербург,Брест,42,515.21,69.83,2023-08-17,09:04:47,18:05:06
Новосибирск,Гомель,70,566.21,81.6,2023-11-28,02:30:16,16:25:24
Витебск,Брест,86,622.27,77.71,2023-10-21,04:18:15,17:53:51
Минск,Екатеринбург,75,577.44,81.33,2024-04-06,02:41:13,20:20:56
Новосибирск,Могилев,44,508.84,71.62,2024-02-05,04:18:21,17:25:07
Брест,Москва,216,781.0,108.04,2023-07-04,02:50:32,19:01:45
Витебск,Брест,93,545.26,75.15,2023-06-22,04:43:25,14:01:07
Екатеринбург,Новосибирск,145,511.8,76.13,2024-05-20,01:27:04,23:38:06
Брест,Екатеринбург,202,775.4,107.2,2024-06-01,02:59:45,18:13:14
Санкт-Петербург,Витебск,83,299.3,44.29,2023-06-20,11:12:04,19:56:54
Витебск,Могилев,202,800.71,99.54,2023-12-10,07:40:28,14:54:21
Минск,Брест,106,635.86,92.13,2023-09-12,11:10:26,19:04:40
Минск,Гомель,48,546.66,65.69,2024-05-19,01:14:03,21:26:37
Могилев,Гродно,86,486.56,62.34,2023-06-15,07:39:02,17:02:37
Витебск,Могилев,150,638.6,75.73,2023-12-23,07:47:36,20:06:48
Гомель,Витебск,62,522.42,78.66,2024-02-18,00:30:36,18:49:59
Минск,Москва,226,596.72,87.41,2024-01-12,05:50:56,14:47:48
Санкт-Петербург,Гродно,91,537.52,78.4,2024-01-13,11:30:09,13:22:58
Гомель,Брест,71,497.49,77.47,2024-05-10,02:22:08,16:19:01
Брест,Новосибирск,165,459.95,69.68,2023-08-27,01:37:39,20:35:17
Гродно,Новосибирск,163,694.13,83.76,2023-09-02,09:44:47,13:54:05
Брест,Санкт-Петербург,117,602.31,73.57,2023-07-11,06:44:03,19:14:15
Новосибирск,Гомель,59,433.41,53.95,2024-04-01,09:01:15,20:18:09
Екатеринбург,Могилев,129,665.81,86.15,2024-04-18,11:04:06,15:47:47
Екатеринбург,Москва,97,462.47,61.81,2024-05-13,03:45:11,15:29:45
Витебск,Гродно,158,670.88,96.19,2024-05-15,11:15:42,14:44:21
Екатеринбург,Могилев,204,767.14,89.4,2024-02-03,07:27:40,20:04:49
Гомель,Санкт-Петербург,229,511.51,65.51,2024-04-02,04:55:30,21:57:47
Могилев,Новосибирск,145,657.84,78.36,2023-12-17,04:31:31,15:59:08
Витебск,Екатеринбург,191,476.11,76.04,2024-03-02,03:59:11,13:27:56
Москва,Брест,66,581.99,81.38,2023-12-25,05:48:57,13:25:50
Санкт-Петербург,Минск,65,212.13,31.46,2023-11-15,01:15:29,22:08:28
Гродно,Екатеринбург,98,601.08,82.61,2023-12-18,05:14:14,13:37:03
Санкт-Петербург,Витебск,109,307.73,43.67,2023-10-01,11:11:56,20:00:21
Минск,Могилев,94,453.34,57.54,2023-07-19,05:30:58,17:41:52
Гомель,Екатеринбург,81,262.06,37.79,2023-07-31,06:42:01,21:41:21
Екатеринбург,Могилев,177,517.61,81.02,2023-11-17,01:56:54,19:00:30
Витебск,Гомель,188,677.44,89.03,2024-05-16,01:43:18,20:57:01
Могилев,Минск,43,534.16,68.95,2024-01-10,03:19:54,21:03:31
Гомель,Минск,104,490.01,62.81,2023-11-15,10:39:06,19:31:33
Брест,Витебск,177,629.58,89.76,2024-05-28,04:00:14,23:53:01
Москва,Новосибирск,50,381.75,57.06,2023-07-07,05:27:07,20:49:43
Витебск,Могилев,256,637.63,79.95,2024-06-02,05:24:56,15:27:32
Гомель,Брест,48,227.7,34.14,2023-07-15,02:24:11,20:52:38
Гомель,Брест,80,475.28,62.61,2023-11-13,06:57:42,14:20:32
Минск,Гомель,103,548.58,84.79,2023-06-29,05:08:12,12:30:38
Новосибирск,Минск,102,442.59,69.35,2023-07-13,06:40:38,19:45:31
Санкт-Петербург,Могилев,122,510.77,64.62,2023-11-13,03:14:14,18:20:05
Санкт-Петербург,Могилев,84,259.66,38.22,2024-03-31,10:47:07,16:10:29
Могилев,Москва,91,541.71,66.15,2023-08-04,07:12:29,15:09:09
Гомель,Екатеринбург,294,646.2,93.64,2024-03-16,03:36:35,12:32:18
Брест,Витебск,200,611.31,81.59,2023-06-16,09:03:15,20:27:25
Санкт-Петербург,Екатеринбург,108,337.93,47.67,2024-04-07,05:52:28,23:57:14
Витебск,Москва,182,632.98,83.29,2023-11-25,00:00:36,17:14:29
Витебск,Гродно,135,412.55,57.91,2023-11-19,06:51:30,20:00:12
Могилев,Екатеринбург,58,383.13,53.7,2024-02-26,01:46:18,12:13:44
Екатеринбург,Могилев,178,495.67,62.99,2023-11-13,07:52:09,16:38:41
Новосибирск,Гомель,65,412.84,68.62,2023-06-16,00:50:54,22:30:38
Витебск,Гомель,285,790.75,97.57,2023-12-14,03:56:26,16:37:51
Гомель,Гродно,85,293.28,53.89,2024-05-27,04:09:57,18:58:43
Гродно,Брест,74,412.86,62.59,2024-05-05,05:46:22,13:40:37
Екатеринбург,Гомель,68,420.85,65.78,2023-10-09,11:51:44,15:30:44
Санкт-Петербург,Минск,143,537.46,70.84,2024-03-11,11:47:35,13:58:12
Витебск,Минск,230,564.73,81.45,2023-09-11,01:13:49,14:07:03
Брест,Минск,173,465.14,63.85,2023-07-05,09:59:06,17:21:26
Могилев,Москва,136,356.63,63.15,2023-10-19,04:50:51,16:13:04
Санкт-Петербург,Могилев,96,542.36,66.96,2023-07-02,04:41:40,22:34:09
Витебск,Минск,91,633.81,80.24,2023-07-22,11:41:17,18:53:14
Брест,Новосибирск,96,392.49,64.18,2023-10-22,03:42:48,15:45:00
Гродно,Минск,108,343.6,62.31,2024-02-28,00:29:17,12:49:54
Санкт-Петербург,Брест,95,334.59,58.38,2023-06-16,07:31:55,14:26:59
Екатеринбург,Брест,135,383.56,49.47,2023-10-17,04:26:12,15:24:31
Санкт-Петербург,Минск,106,456.23,57.49,2023-10-18,08:22:38,22:00:26
Екатеринбург,Гродно,56,365.06,62.66,2023-08-13,07:03:50,12:04:16
Могилев,Москва,119,328.04,52.26,2023-06-08,01:32:51,22:00:51
Минск,Гомель,79,577.9,73.46,2024-04-22,02:47:21,18:38:31
Гродно,Брест,100,515.01,67.46,2023-09-02,10:43:39,22:05:29
Гродно,Брест,49,261.73,37.21,2024-04-18,02:46:06,22:55:36
Санкт-Петербург,Могилев,110,485.06,61.12,2023-10-25,01:33:05,19:47:47
Гродно,Новосибирск,207,723.37,95.1,2023-07-02,01:50:22,20:53:31
Брест,Москва,107,403.91,52.51,2024-01-22,06:10:09,18:28:01
Могилев,Санкт-Петербург,117,460.4,59.47,2024-05-16,03:14:09,12:09:22
Минск,Брест,80,401.74,56.9,2023-07-30,08:59:44,19:01:42
Санкт-Петербург,Гомель,84,490.35,67.73,2023-08-24,07:38:02,12:03:06
Могилев,Екатеринбург,75,392.69,65.41,2023-06-06,05:14:28,19:37:09
Брест,Гродно,228,754.69,102.88,2023-08-23,07:31:25,17:29:06
Москва,Новосибирск,164,448.88,65.1,2024-02-15,05:15:49,20:09:14
Витебск,Москва,170,376.79,48.54,2024-02-21,09:36:04,13:45:34
Гродно,Минск,214,565.65,71.72,2024-03-15,09:06:44,18:29:19
Гомель,Екатеринбург,139,372.1,58.16,2024-06-03,03:21:32,14:29:10
Санкт-Петербург,Могилев,121,395.4,69.39,2024-05-19,01:22:27,17:09:33
Санкт-Петербург,Москва,77,591.11,69.77,2023-07-22,11:47:31,22:19:36
Москва,Гомель,47,554.99,76.46,2024-03-21,06:42:18,12:58:09
Санкт-Петербург,Брест,48,172.45,41.45,2023-06-07,00:30:33,23:24:05
Санкт-Петербург,Гомель,120,529.64,71.72,2023-09-26,01:19:41,12:31:18
Екатеринбург,Витебск,108,622.41,78.54,2023-10-26,01:35:50,14:12:44
Санкт-Петербург,Брест,93,282.96,41.5,2024-02-27,01:43:50,18:53:15
Екатеринбург,Санкт-Петербург,230,695.18,83.9,2023-06-14,00:57:00,20:20:56
Могилев,Москва,93,332.79,52.07,2024-06-01,08:50:49,19:59:15
Витебск,Москва,209,636.42,76.15,2024-01-25,01:05:05,13:49:42
Москва,Витебск,102,469.1,66.33,2023-09-03,11:16:45,22:01:24
Гомель,Гродно,167,706.1,96.52,2024-05-03,05:22:33,12:33:06
Екатеринбург,Санкт-Петербург,118,425.67,68.88,2023-07-30,01:39:43,18:39:33
Минск,Екатеринбург,100,539.26,66.53,2023-08-16,02:18:37,12:16:03
Санкт-Петербург,Витебск,80,520.36,70.58,2023-11-28,05:09:09,21:49:54
Брест,Витебск,176,646.12,83.96,2023-07-18,10:55:36,19:20:29
Гродно,Новосибирск,104,525.03,82.32,2023-12-07,04:34:18,22:21:00
Брест,Екатеринбург,273,633.2,89.62,2023-10-16,07:10:34,15:13:36
Витебск,Брест,74,541.54,84.12,2024-03-05,08:52:33,14:26:57
Могилев,Санкт-Петербург,236,559.23,74.87,2023-09-13,10:14:25,21:01:28
Брест,Екатеринбург,266,560.16,79.99,2023-07-25,08:08:35,16:08:36
Витебск,Новосибирск,191,564.59,75.96,2023-06-15,05:49:11,12:12:45
Витебск,Могилев,157,446.63,57.09,2023-08-24,07:01:34,17:19:07
Екатеринбург,Гродно,90,430.26,65.84,2023-10-23,07:21:26,23:01:55
Гродно,Новосибирск,80,288.39,52.8,2023-10-13,05:11:14,13:06:48
Санкт-Петербург,Екатеринбург,49,389.07,59.05,2023-12-05,11:12:16,20:14:19
Гомель,Брест,47,560.77,81.92,2023-09-26,04:15:25,16:21:18
Брест,Могилев,183,680.73,91.93,2023-09-28,10:02:05,13:00:11
Брест,Новосибирск,167,489.45,76.48,2024-06-02,04:20:28,23:02:46
Екатеринбург,Брест,138,450.87,70.21,2024-05-11,10:56:01,18:10:35
Санкт-Петербург,Москва,70,496.76,77.49,2024-01-05,03:49:52,18:41:44
Новосибирск,Витебск,95,467.25,60.85,2024-02-06,02:27:28,13:16:46
Гомель,Москва,210,597.75,88.06,2023-10-09,05:16:05,12:05:06
Москва,Минск,101,276.72,50.02,2023-08-15,04:59:27,14:48:43
Могилев,Витебск,139,555.24,70.28,2024-01-21,05:23:07,19:12:50
Минск,Москва,196,633.82,78.96,2023-07-06,01:40:42,18:02:42
Гродно,Москва,258,560.48,73.58,2023-07-14,01:24:32,13:42:13
Гомель,Санкт-Петербург,226,766.88,103.84,2023-12-29,07:42:04,12:00:44
Екатеринбург,Гомель,34,181.27,39.99,2024-01-16,04:56:19,17:04:03
